Workbook

Sheet INSTRUCCIONES
B2: Penca Mundial FIFA 2026
B3: Sistema de predicciones — 48 equipos · 104 partidos
B6: HOJAS DEL LIBRO
B7: Equipos | C7: Lista de los 48 equipos clasificados. Solo lectura.
B8: Fases | C8: Sistema de puntaje por fase. Solo lectura.
B9: Fixture | C9: Los 104 partidos. El admin carga los resultados acá.
B10: Usuarios | C10: Participantes de la penca. El admin agrega usuarios acá.
B11: Predicciones | C11: Cada participante carga sus predicciones antes de cada partido.
B12: Bonus | C12: Predicciones especiales (campeón, goleador, etc.) antes del torneo.
B13: Posiciones | C13: Tabla de posiciones. Se actualiza automáticamente. No editar.
B14: Dashboard | C14: Resumen visual del estado de la penca.
B16: CÓMO USAR
B17: Paso 1 | C17: El admin carga los usuarios en la hoja Usuarios.
B18: Paso 2 | C18: Cada usuario carga sus predicciones en la hoja Predicciones antes de cada partido.
B19: Paso 3 | C19: Cada usuario carga sus bonus en la hoja Bonus antes del inicio del torneo.
B20: Paso 4 | C20: El admin carga los resultados en el Fixture cuando terminan los partidos.
B21: Paso 5 | C21: Los puntajes se calculan automáticamente en Posiciones.
B23: REGLAS
B24: Resultado exacto | C24: Acertar el marcador exacto. Puntos según la fase.
B25: Ganador correcto | C25: Acertar solo quién gana (o que hay empate). Puntos menores.
B26: Sin predicción | C26: 0 puntos. No hay penalización.
B27: Bonus campeón | C27: +15 puntos si acertás el campeón del mundo.

Sheet Equipos
A1: Equipos — Mundial FIFA 2026
A2: 48 selecciones clasificadas · Solo lectura
A4: ID | B4: Nombre | C4: Código | D4: Grupo | E4: Confederación
A5: 1 | B5: Argentina | C5: ARG | D5: A | E5: CONMEBOL
A6: 2 | B6: Bolivia | C6: BOL | D6: A | E6: CONMEBOL
A7: 3 | B7: Ecuador | C7: ECU | D7: A | E7: CONMEBOL
A8: 4 | B8: Uruguay | C8: URU | D8: A | E8: CONMEBOL
A9: 5 | B9: Brasil | C9: BRA | D9: B | E9: CONMEBOL
A10: 6 | B10: Colombia | C10: COL | D10: B | E10: CONMEBOL
A11: 7 | B11: Venezuela | C11: VEN | D11: B | E11: CONMEBOL
A12: 8 | B12: Paraguay | C12: PAR | D12: B | E12: CONMEBOL
A13: 9 | B13: México | C13: MEX | D13: C | E13: CONCACAF
A14: 10 | B14: Estados Unidos | C14: USA | D14: C | E14: CONCACAF
A15: 11 | B15: Canadá | C15: CAN | D15: C | E15: CONCACAF
A16: 12 | B16: Costa Rica | C16: CRC | D16: C | E16: CONCACAF
... A52: 48 | B52: Nueva Zelanda | C52: NZL | D52: L | E52: OFC

Sheet Fases
A1: Fases y sistema de puntaje
A2: Puntos asignados por fase · Solo lectura
A4: ID | B4: Fase | C4: Pts. exacto | D4: Pts. ganador | E4: Orden
A5: 1 | B5: Grupos | C5: 3 | D5: 1 | E5: 1
A6: 2 | B6: Ronda de 32 | C6: 6 | D6: 2 | E6: 2
A7: 3 | B7: Octavos | C7: 9 | D7: 3 | E7: 3
A8: 4 | B8: Cuartos | C8: 12 | D8: 4 | E8: 4
A9: 5 | B9: Semifinales | C9: 15 | D9: 5 | E9: 5
A10: 6 | B10: Final | C10: 18 | D10: 6 | E10: 6

Sheet Fixture
A1: Fixture — 104 partidos
A2: El admin carga los resultados reales cuando terminan los partidos
A4: ID | B4: Fase | C4: Local (ID) | D4: Visitante (ID) | E4: Local | F4: Visitante | G4: Fecha | H4: Sede | I4: Goles L | J4: Goles V | K4: Estado
A5: 1 | B5: 1 | C5: 1 | D5: 2 | E5: =IFERROR(INDEX(Equipos!$B$5:$B$52,MATCH(C5,Equipos!$A$5:$A$52,0)),"") -> Argentina | F5: =IFERROR(INDEX(Equipos!$B$5:$B$52,MATCH(D5,Equipos!$A$5:$A$52,0)),"") -> Bolivia | G5: 46184.625 | H5: Sede Grupo A | K5: PENDIENTE
A6: 2 | B6: 1 | C6: 1 | D6: 3 | E6: =IFERROR(INDEX(Equipos!$B$5:$B$52,MATCH(C6,Equipos!$A$5:$A$52,0)),"") -> Argentina | F6: =IFERROR(INDEX(Equipos!$B$5:$B$52,MATCH(D6,Equipos!$A$5:$A$52,0)),"") -> Ecuador | G6: 46184.75 | H6: Sede Grupo A | K6: PENDIENTE
A7: 3 | B7: 1 | C7: 1 | D7: 4 | E7: =IFERROR(INDEX(Equipos!$B$5:$B$52,MATCH(C7,Equipos!$A$5:$A$52,0)),"") -> Argentina | F7: =IFERROR(INDEX(Equipos!$B$5:$B$52,MATCH(D7,Equipos!$A$5:$A$52,0)),"") -> Uruguay | G7: 46184.875 | H7: Sede Grupo A | K7: PENDIENTE
A8: 4 | B8: 1 | C8: 2 | D8: 3 | E8: =IFERROR(INDEX(Equipos!$B$5:$B$52,MATCH(C8,Equipos!$A$5:$A$52,0)),"") -> Bolivia | F8: =IFERROR(INDEX(Equipos!$B$5:$B$52,MATCH(D8,Equipos!$A$5:$A$52,0)),"") -> Ecuador | G8: 46185 | H8: Sede Grupo A | K8: PENDIENTE
A9: 5 | B9: 1 | C9: 2 | D9: 4 | E9: =IFERROR(INDEX(Equipos!$B$5:$B$52,MATCH(C9,Equipos!$A$5:$A$52,0)),"") -> Bolivia | F9: =IFERROR(INDEX(Equipos!$B$5:$B$52,MATCH(D9,Equipos!$A$5:$A$52,0)),"") -> Uruguay | G9: 46185.625 | H9: Sede Grupo A | K9: PENDIENTE
A10: 6 | B10: 1 | C10: 3 | D10: 4 | E10: =IFERROR(INDEX(Equipos!$B$5:$B$52,MATCH(C10,Equipos!$A$5:$A$52,0)),"") -> Ecuador | F10: =IFERROR(INDEX(Equipos!$B$5:$B$52,MATCH(D10,Equipos!$A$5:$A$52,0)),"") -> Uruguay | G10: 46185.75 | H10: Sede Grupo A | K10: PENDIENTE
A11: 7 | B11: 1 | C11: 5 | D11: 6 | E11: =IFERROR(INDEX(Equipos!$B$5:$B$52,MATCH(C11,Equipos!$A$5:$A$52,0)),"") -> Brasil | F11: =IFERROR(INDEX(Equipos!$B$5:$B$52,MATCH(D11,Equipos!$A$5:$A$52,0)),"") -> Colombia | G11: 46186.625 | H11: Sede Grupo B | K11: PENDIENTE
A12: 8 | B12: 1 | C12: 5 | D12: 7 | E12: =IFERROR(INDEX(Equipos!$B$5:$B$52,MATCH(C12,Equipos!$A$5:$A$52,0)),"") -> Brasil | F12: =IFERROR(INDEX(Equipos!$B$5:$B$52,MATCH(D12,Equipos!$A$5:$A$52,0)),"") -> Venezuela | G12: 46186.75 | H12: Sede Grupo B | K12: PENDIENTE
A13: 9 | B13: 1 | C13: 5 | D13: 8 | E13: =IFERROR(INDEX(Equipos!$B$5:$B$52,MATCH(C13,Equipos!$A$5:$A$52,0)),"") -> Brasil | F13: =IFERROR(INDEX(Equipos!$B$5:$B$52,MATCH(D13,Equipos!$A$5:$A$52,0)),"") -> Paraguay | G13: 46186.875 | H13: Sede Grupo B | K13: PENDIENTE
A14: 10 | B14: 1 | C14: 6 | D14: 7 | E14: =IFERROR(INDEX(Equipos!$B$5:$B$52,MATCH(C14,Equipos!$A$5:$A$52,0)),"") -> Colombia | F14: =IFERROR(INDEX(Equipos!$B$5:$B$52,MATCH(D14,Equipos!$A$5:$A$52,0)),"") -> Venezuela | G14: 46187 | H14: Sede Grupo B | K14: PENDIENTE
A15: 11 | B15: 1 | C15: 6 | D15: 8 | E15: =IFERROR(INDEX(Equipos!$B$5:$B$52,MATCH(C15,Equipos!$A$5:$A$52,0)),"") -> Colombia | F15: =IFERROR(INDEX(Equipos!$B$5:$B$52,MATCH(D15,Equipos!$A$5:$A$52,0)),"") -> Paraguay | G15: 46187.625 | H15: Sede Grupo B | K15: PENDIENTE
A16: 12 | B16: 1 | C16: 7 | D16: 8 | E16: =IFERROR(INDEX(Equipos!$B$5:$B$52,MATCH(C16,Equipos!$A$5:$A$52,0)),"") -> Venezuela | F16: =IFERROR(INDEX(Equipos!$B$5:$B$52,MATCH(D16,Equipos!$A$5:$A$52,0)),"") -> Paraguay | G16: 46187.75 | H16: Sede Grupo B | K16: PENDIENTE
... A76: 72 | B76: 1 | C76: 47 | D76: 48 | E76: =IFERROR(INDEX(Equipos!$B$5:$B$52,MATCH(C76,Equipos!$A$5:$A$52,0)),"") -> Uzbekistán | F76: =IFERROR(INDEX(Equipos!$B$5:$B$52,MATCH(D76,Equipos!$A$5:$A$52,0)),"") -> Nueva Zelanda | G76: 46207.75 | H76: Sede Grupo L | K76: PENDIENTE
A77: 73 | B77: 2 | E77: A definir | F77: A definir | G77: 46200.75 | H77: Dallas | K77: PENDIENTE
A78: 74 | B78: 2 | E78: A definir | F78: A definir | G78: 46200.75 | H78: Los Angeles | K78: PENDIENTE
A79: 75 | B79: 2 | E79: A definir | F79: A definir | G79: 46200.75 | H79: Nueva York | K79: PENDIENTE
A80: 76 | B80: 2 | E80: A definir | F80: A definir | G80: 46200.75 | H80: Chicago | K80: PENDIENTE
A81: 77 | B81: 2 | E81: A definir | F81: A definir | G81: 46201.75 | H81: Miami | K81: PENDIENTE
A82: 78 | B82: 2 | E82: A definir | F82: A definir | G82: 46201.75 | H82: Seattle | K82: PENDIENTE
A83: 79 | B83: 2 | E83: A definir | F83: A definir | G83: 46201.75 | H83: Boston | K83: PENDIENTE
A84: 80 | B84: 2 | E84: A definir | F84: A definir | G84: 46201.75 | H84: Houston | K84: PENDIENTE
A85: 81 | B85: 2 | E85: A definir | F85: A definir | G85: 46202.75 | H85: Atlanta | K85: PENDIENTE
A86: 82 | B86: 2 | E86: A definir | F86: A definir | G86: 46202.75 | H86: San Francisco | K86: PENDIENTE
A87: 83 | B87: 2 | E87: A definir | F87: A definir | G87: 46202.75 | H87: Denver | K87: PENDIENTE
A88: 84 | B88: 2 | E88: A definir | F88: A definir | G88: 46202.75 | H88: Kansas City | K88: PENDIENTE
... A107: 103 | B107: 6 | E107: A definir | F107: A definir | G107: 46222.792 | H107: MetLife Stadium, Nueva Jersey | K107: PENDIENTE

Sheet Usuarios
A1: Usuarios — Participantes de la penca
A2: El admin registra aquí a cada participante
A4: ID | B4: Nombre completo | C4: Alias | D4: Email | E4: Rol | F4: Fecha registro | G4: Activo
A5: 1 | B5: Carlos García | C5: carlitos | D5: carlos@email.com | E5: JUGADOR | F5: 2026-01-15 | G5: Sí
A6: 2 | B6: María López | C6: mari23 | D6: maria@email.com | E6: JUGADOR | F6: 2026-01-16 | G6: Sí
A7: 3 | B7: Juan Pérez | C7: juanpe | D7: juan@email.com | E7: JUGADOR | F7: 2026-01-17 | G7: Sí
A8: 4 | B8: Admin Sistema | C8: admin | D8: admin@penca.com | E8: ADMIN | F8: 2026-01-10 | G8: Sí

Sheet Predicciones
A1: Predicciones
A2: Cada participante ingresa su marcador predicho · Los puntos se calculan automáticamente
A4: ID | B4: Usuario (ID) | C4: Alias | D4: Partido (ID) | E4: Fase | F4: Local | G4: Visitante | H4: Fecha partido | I4: Goles L pred. | J4: Goles V pred. | K4: Resultado real | L4: Puntos | M4: Estado partido
A5: 1 | B5: 1 | C5: =IFERROR(INDEX(Usuarios!$C$5:$C$200,MATCH(B5,Usuarios!$A$5:$A$200,0)),"") -> carlitos | D5: 1 | E5: =IFERROR(INDEX(Fases!$B$5:$B$10,MATCH(INDEX(Fixture!$B$5:$B$108,MATCH(D5,Fixture!$A$5:$A$108,0)),Fases!$A$5:$A$10,0)),"") -> Grupos | F5: =IFERROR(INDEX(Fixture!$E$5:$E$108,MATCH(D5,Fixture!$A$5:$A$108,0)),"") -> Argentina | G5: =IFERROR(INDEX(Fixture!$F$5:$F$108,MATCH(D5,Fixture!$A$5:$A$108,0)),"") -> Bolivia | H5: =IFERROR(INDEX(Fixture!$G$5:$G$108,MATCH(D5,Fixture!$A$5:$A$108,0)),"") -> 46184.625 | K5: =IFERROR(INDEX(Fixture!$I$5:$I$108,MATCH(D5,Fixture!$A$5:$A$108,0))&"-"&INDEX(Fixture!$J$5:$J$108,MATCH(D5,Fixture!$A$5:$A$108,0)),"") -> - | L5: =IF(M5<>"FINALIZADO","",IF(OR(ISBLANK(I5),ISBLANK(J5)),0,IF(AND(I5=IFERROR(INDEX(Fixture!$I$5:$I$108,MATCH(D5,Fixture!$A$5:$A$108,0)),"-999"),J5=IFERROR(INDEX(Fixture!$J$5:$J$108,MATCH(D5,Fixture!$A$5:$A$108,0)),"-999")),IFERROR(INDEX(Fases!$C$5:$C$10,MATCH(IFERROR(INDEX(Fixture!$B$5:$B$108,MATCH(D5,Fixture!$A$5:$A$108,0)),0),Fases!$A$5:$A$10,0)),0),IF(OR(AND(I5>J5,IFERROR(INDEX(Fixture!$I$5:$I$108,MATCH(D5,Fixture!$A$5:$A$108,0)),0)>IFERROR(INDEX(Fixture!$J$5:$J$108,MATCH(D5,Fixture!$A$5:$A$108,0)),0)),AND(I5<J5,IFERROR(INDEX(Fixture!$I$5:$I$108,MATCH(D5,Fixture!$A$5:$A$108,0)),0)<IFERROR(INDEX(Fixture!$J$5:$J$108,MATCH(D5,Fixture!$A$5:$A$108,0)),0)),AND(I5=J5,IFERROR(INDEX(Fixture!$I$5:$I$108,MATCH(D5,Fixture!$A$5:$A$108,0)),0)=IFERROR(INDEX(Fixture!$J$5:$J$108,MATCH(D5,Fixture!$A$5:$A$108,0)),0))),IFERROR(INDEX(Fases!$D$5:$D$10,MATCH(IFERROR(INDEX(Fixture!$B$5:$B$108,MATCH(D5,Fixture!$A$5:$A$108,0)),0),Fases!$A$5:$A$10,0)),0),0)))) | M5: =IFERROR(INDEX(Fixture!$K$5:$K$108,MATCH(D5,Fixture!$A$5:$A$108,0)),"") -> PENDIENTE
A6: 2 | B6: 1 | C6: =IFERROR(INDEX(Usuarios!$C$5:$C$200,MATCH(B6,Usuarios!$A$5:$A$200,0)),"") -> carlitos | D6: 2 | E6: =IFERROR(INDEX(Fases!$B$5:$B$10,MATCH(INDEX(Fixture!$B$5:$B$108,MATCH(D6,Fixture!$A$5:$A$108,0)),Fases!$A$5:$A$10,0)),"") -> Grupos | F6: =IFERROR(INDEX(Fixture!$E$5:$E$108,MATCH(D6,Fixture!$A$5:$A$108,0)),"") -> Argentina | G6: =IFERROR(INDEX(Fixture!$F$5:$F$108,MATCH(D6,Fixture!$A$5:$A$108,0)),"") -> Ecuador | H6: =IFERROR(INDEX(Fixture!$G$5:$G$108,MATCH(D6,Fixture!$A$5:$A$108,0)),"") -> 46184.75 | K6: =IFERROR(INDEX(Fixture!$I$5:$I$108,MATCH(D6,Fixture!$A$5:$A$108,0))&"-"&INDEX(Fixture!$J$5:$J$108,MATCH(D6,Fixture!$A$5:$A$108,0)),"") -> - | L6: =IF(M6<>"FINALIZADO","",IF(OR(ISBLANK(I6),ISBLANK(J6)),0,IF(AND(I6=IFERROR(INDEX(Fixture!$I$5:$I$108,MATCH(D6,Fixture!$A$5:$A$108,0)),"-999"),J6=IFERROR(INDEX(Fixture!$J$5:$J$108,MATCH(D6,Fixture!$A$5:$A$108,0)),"-999")),IFERROR(INDEX(Fases!$C$5:$C$10,MATCH(IFERROR(INDEX(Fixture!$B$5:$B$108,MATCH(D6,Fixture!$A$5:$A$108,0)),0),Fases!$A$5:$A$10,0)),0),IF(OR(AND(I6>J6,IFERROR(INDEX(Fixture!$I$5:$I$108,MATCH(D6,Fixture!$A$5:$A$108,0)),0)>IFERROR(INDEX(Fixture!$J$5:$J$108,MATCH(D6,Fixture!$A$5:$A$108,0)),0)),AND(I6<J6,IFERROR(INDEX(Fixture!$I$5:$I$108,MATCH(D6,Fixture!$A$5:$A$108,0)),0)<IFERROR(INDEX(Fixture!$J$5:$J$108,MATCH(D6,Fixture!$A$5:$A$108,0)),0)),AND(I6=J6,IFERROR(INDEX(Fixture!$I$5:$I$108,MATCH(D6,Fixture!$A$5:$A$108,0)),0)=IFERROR(INDEX(Fixture!$J$5:$J$108,MATCH(D6,Fixture!$A$5:$A$108,0)),0))),IFERROR(INDEX(Fases!$D$5:$D$10,MATCH(IFERROR(INDEX(Fixture!$B$5:$B$108,MATCH(D6,Fixture!$A$5:$A$108,0)),0),Fases!$A$5:$A$10,0)),0),0)))) | M6: =IFERROR(INDEX(Fixture!$K$5:$K$108,MATCH(D6,Fixture!$A$5:$A$108,0)),"") -> PENDIENTE
A7: 3 | B7: 1 | C7: =IFERROR(INDEX(Usuarios!$C$5:$C$200,MATCH(B7,Usuarios!$A$5:$A$200,0)),"") -> carlitos | D7: 3 | E7: =IFERROR(INDEX(Fases!$B$5:$B$10,MATCH(INDEX(Fixture!$B$5:$B$108,MATCH(D7,Fixture!$A$5:$A$108,0)),Fases!$A$5:$A$10,0)),"") -> Grupos | F7: =IFERROR(INDEX(Fixture!$E$5:$E$108,MATCH(D7,Fixture!$A$5:$A$108,0)),"") -> Argentina | G7: =IFERROR(INDEX(Fixture!$F$5:$F$108,MATCH(D7,Fixture!$A$5:$A$108,0)),"") -> Uruguay | H7: =IFERROR(INDEX(Fixture!$G$5:$G$108,MATCH(D7,Fixture!$A$5:$A$108,0)),"") -> 46184.875 | K7: =IFERROR(INDEX(Fixture!$I$5:$I$108,MATCH(D7,Fixture!$A$5:$A$108,0))&"-"&INDEX(Fixture!$J$5:$J$108,MATCH(D7,Fixture!$A$5:$A$108,0)),"") -> - | L7: =IF(M7<>"FINALIZADO","",IF(OR(ISBLANK(I7),ISBLANK(J7)),0,IF(AND(I7=IFERROR(INDEX(Fixture!$I$5:$I$108,MATCH(D7,Fixture!$A$5:$A$108,0)),"-999"),J7=IFERROR(INDEX(Fixture!$J$5:$J$108,MATCH(D7,Fixture!$A$5:$A$108,0)),"-999")),IFERROR(INDEX(Fases!$C$5:$C$10,MATCH(IFERROR(INDEX(Fixture!$B$5:$B$108,MATCH(D7,Fixture!$A$5:$A$108,0)),0),Fases!$A$5:$A$10,0)),0),IF(OR(AND(I7>J7,IFERROR(INDEX(Fixture!$I$5:$I$108,MATCH(D7,Fixture!$A$5:$A$108,0)),0)>IFERROR(INDEX(Fixture!$J$5:$J$108,MATCH(D7,Fixture!$A$5:$A$108,0)),0)),AND(I7<J7,IFERROR(INDEX(Fixture!$I$5:$I$108,MATCH(D7,Fixture!$A$5:$A$108,0)),0)<IFERROR(INDEX(Fixture!$J$5:$J$108,MATCH(D7,Fixture!$A$5:$A$108,0)),0)),AND(I7=J7,IFERROR(INDEX(Fixture!$I$5:$I$108,MATCH(D7,Fixture!$A$5:$A$108,0)),0)=IFERROR(INDEX(Fixture!$J$5:$J$108,MATCH(D7,Fixture!$A$5:$A$108,0)),0))),IFERROR(INDEX(Fases!$D$5:$D$10,MATCH(IFERROR(INDEX(Fixture!$B$5:$B$108,MATCH(D7,Fixture!$A$5:$A$108,0)),0),Fases!$A$5:$A$10,0)),0),0)))) | M7: =IFERROR(INDEX(Fixture!$K$5:$K$108,MATCH(D7,Fixture!$A$5:$A$108,0)),"") -> PENDIENTE
A8: 4 | B8: 1 | C8: =IFERROR(INDEX(Usuarios!$C$5:$C$200,MATCH(B8,Usuarios!$A$5:$A$200,0)),"") -> carlitos | D8: 4 | E8: =IFERROR(INDEX(Fases!$B$5:$B$10,MATCH(INDEX(Fixture!$B$5:$B$108,MATCH(D8,Fixture!$A$5:$A$108,0)),Fases!$A$5:$A$10,0)),"") -> Grupos | F8: =IFERROR(INDEX(Fixture!$E$5:$E$108,MATCH(D8,Fixture!$A$5:$A$108,0)),"") -> Bolivia | G8: =IFERROR(INDEX(Fixture!$F$5:$F$108,MATCH(D8,Fixture!$A$5:$A$108,0)),"") -> Ecuador | H8: =IFERROR(INDEX(Fixture!$G$5:$G$108,MATCH(D8,Fixture!$A$5:$A$108,0)),"") -> 46185 | K8: =IFERROR(INDEX(Fixture!$I$5:$I$108,MATCH(D8,Fixture!$A$5:$A$108,0))&"-"&INDEX(Fixture!$J$5:$J$108,MATCH(D8,Fixture!$A$5:$A$108,0)),"") -> - | L8: =IF(M8<>"FINALIZADO","",IF(OR(ISBLANK(I8),ISBLANK(J8)),0,IF(AND(I8=IFERROR(INDEX(Fixture!$I$5:$I$108,MATCH(D8,Fixture!$A$5:$A$108,0)),"-999"),J8=IFERROR(INDEX(Fixture!$J$5:$J$108,MATCH(D8,Fixture!$A$5:$A$108,0)),"-999")),IFERROR(INDEX(Fases!$C$5:$C$10,MATCH(IFERROR(INDEX(Fixture!$B$5:$B$108,MATCH(D8,Fixture!$A$5:$A$108,0)),0),Fases!$A$5:$A$10,0)),0),IF(OR(AND(I8>J8,IFERROR(INDEX(Fixture!$I$5:$I$108,MATCH(D8,Fixture!$A$5:$A$108,0)),0)>IFERROR(INDEX(Fixture!$J$5:$J$108,MATCH(D8,Fixture!$A$5:$A$108,0)),0)),AND(I8<J8,IFERROR(INDEX(Fixture!$I$5:$I$108,MATCH(D8,Fixture!$A$5:$A$108,0)),0)<IFERROR(INDEX(Fixture!$J$5:$J$108,MATCH(D8,Fixture!$A$5:$A$108,0)),0)),AND(I8=J8,IFERROR(INDEX(Fixture!$I$5:$I$108,MATCH(D8,Fixture!$A$5:$A$108,0)),0)=IFERROR(INDEX(Fixture!$J$5:$J$108,MATCH(D8,Fixture!$A$5:$A$108,0)),0))),IFERROR(INDEX(Fases!$D$5:$D$10,MATCH(IFERROR(INDEX(Fixture!$B$5:$B$108,MATCH(D8,Fixture!$A$5:$A$108,0)),0),Fases!$A$5:$A$10,0)),0),0)))) | M8: =IFERROR(INDEX(Fixture!$K$5:$K$108,MATCH(D8,Fixture!$A$5:$A$108,0)),"") -> PENDIENTE
A9: 5 | B9: 1 | C9: =IFERROR(INDEX(Usuarios!$C$5:$C$200,MATCH(B9,Usuarios!$A$5:$A$200,0)),"") -> carlitos | D9: 5 | E9: =IFERROR(INDEX(Fases!$B$5:$B$10,MATCH(INDEX(Fixture!$B$5:$B$108,MATCH(D9,Fixture!$A$5:$A$108,0)),Fases!$A$5:$A$10,0)),"") -> Grupos | F9: =IFERROR(INDEX(Fixture!$E$5:$E$108,MATCH(D9,Fixture!$A$5:$A$108,0)),"") -> Bolivia | G9: =IFERROR(INDEX(Fixture!$F$5:$F$108,MATCH(D9,Fixture!$A$5:$A$108,0)),"") -> Uruguay | H9: =IFERROR(INDEX(Fixture!$G$5:$G$108,MATCH(D9,Fixture!$A$5:$A$108,0)),"") -> 46185.625 | K9: =IFERROR(INDEX(Fixture!$I$5:$I$108,MATCH(D9,Fixture!$A$5:$A$108,0))&"-"&INDEX(Fixture!$J$5:$J$108,MATCH(D9,Fixture!$A$5:$A$108,0)),"") -> - | L9: =IF(M9<>"FINALIZADO","",IF(OR(ISBLANK(I9),ISBLANK(J9)),0,IF(AND(I9=IFERROR(INDEX(Fixture!$I$5:$I$108,MATCH(D9,Fixture!$A$5:$A$108,0)),"-999"),J9=IFERROR(INDEX(Fixture!$J$5:$J$108,MATCH(D9,Fixture!$A$5:$A$108,0)),"-999")),IFERROR(INDEX(Fases!$C$5:$C$10,MATCH(IFERROR(INDEX(Fixture!$B$5:$B$108,MATCH(D9,Fixture!$A$5:$A$108,0)),0),Fases!$A$5:$A$10,0)),0),IF(OR(AND(I9>J9,IFERROR(INDEX(Fixture!$I$5:$I$108,MATCH(D9,Fixture!$A$5:$A$108,0)),0)>IFERROR(INDEX(Fixture!$J$5:$J$108,MATCH(D9,Fixture!$A$5:$A$108,0)),0)),AND(I9<J9,IFERROR(INDEX(Fixture!$I$5:$I$108,MATCH(D9,Fixture!$A$5:$A$108,0)),0)<IFERROR(INDEX(Fixture!$J$5:$J$108,MATCH(D9,Fixture!$A$5:$A$108,0)),0)),AND(I9=J9,IFERROR(INDEX(Fixture!$I$5:$I$108,MATCH(D9,Fixture!$A$5:$A$108,0)),0)=IFERROR(INDEX(Fixture!$J$5:$J$108,MATCH(D9,Fixture!$A$5:$A$108,0)),0))),IFERROR(INDEX(Fases!$D$5:$D$10,MATCH(IFERROR(INDEX(Fixture!$B$5:$B$108,MATCH(D9,Fixture!$A$5:$A$108,0)),0),Fases!$A$5:$A$10,0)),0),0)))) | M9: =IFERROR(INDEX(Fixture!$K$5:$K$108,MATCH(D9,Fixture!$A$5:$A$108,0)),"") -> PENDIENTE
A10: 6 | B10: 1 | C10: =IFERROR(INDEX(Usuarios!$C$5:$C$200,MATCH(B10,Usuarios!$A$5:$A$200,0)),"") -> carlitos | D10: 6 | E10: =IFERROR(INDEX(Fases!$B$5:$B$10,MATCH(INDEX(Fixture!$B$5:$B$108,MATCH(D10,Fixture!$A$5:$A$108,0)),Fases!$A$5:$A$10,0)),"") -> Grupos | F10: =IFERROR(INDEX(Fixture!$E$5:$E$108,MATCH(D10,Fixture!$A$5:$A$108,0)),"") -> Ecuador | G10: =IFERROR(INDEX(Fixture!$F$5:$F$108,MATCH(D10,Fixture!$A$5:$A$108,0)),"") -> Uruguay | H10: =IFERROR(INDEX(Fixture!$G$5:$G$108,MATCH(D10,Fixture!$A$5:$A$108,0)),"") -> 46185.75 | K10: =IFERROR(INDEX(Fixture!$I$5:$I$108,MATCH(D10,Fixture!$A$5:$A$108,0))&"-"&INDEX(Fixture!$J$5:$J$108,MATCH(D10,Fixture!$A$5:$A$108,0)),"") -> - | L10: =IF(M10<>"FINALIZADO","",IF(OR(ISBLANK(I10),ISBLANK(J10)),0,IF(AND(I10=IFERROR(INDEX(Fixture!$I$5:$I$108,MATCH(D10,Fixture!$A$5:$A$108,0)),"-999"),J10=IFERROR(INDEX(Fixture!$J$5:$J$108,MATCH(D10,Fixture!$A$5:$A$108,0)),"-999")),IFERROR(INDEX(Fases!$C$5:$C$10,MATCH(IFERROR(INDEX(Fixture!$B$5:$B$108,MATCH(D10,Fixture!$A$5:$A$108,0)),0),Fases!$A$5:$A$10,0)),0),IF(OR(AND(I10>J10,IFERROR(INDEX(Fixture!$I$5:$I$108,MATCH(D10,Fixture!$A$5:$A$108,0)),0)>IFERROR(INDEX(Fixture!$J$5:$J$108,MATCH(D10,Fixture!$A$5:$A$108,0)),0)),AND(I10<J10,IFERROR(INDEX(Fixture!$I$5:$I$108,MATCH(D10,Fixture!$A$5:$A$108,0)),0)<IFERROR(INDEX(Fixture!$J$5:$J$108,MATCH(D10,Fixture!$A$5:$A$108,0)),0)),AND(I10=J10,IFERROR(INDEX(Fixture!$I$5:$I$108,MATCH(D10,Fixture!$A$5:$A$108,0)),0)=IFERROR(INDEX(Fixture!$J$5:$J$108,MATCH(D10,Fixture!$A$5:$A$108,0)),0))),IFERROR(INDEX(Fases!$D$5:$D$10,MATCH(IFERROR(INDEX(Fixture!$B$5:$B$108,MATCH(D10,Fixture!$A$5:$A$108,0)),0),Fases!$A$5:$A$10,0)),0),0)))) | M10: =IFERROR(INDEX(Fixture!$K$5:$K$108,MATCH(D10,Fixture!$A$5:$A$108,0)),"") -> PENDIENTE
A11: 7 | B11: 1 | C11: =IFERROR(INDEX(Usuarios!$C$5:$C$200,MATCH(B11,Usuarios!$A$5:$A$200,0)),"") -> carlitos | D11: 7 | E11: =IFERROR(INDEX(Fases!$B$5:$B$10,MATCH(INDEX(Fixture!$B$5:$B$108,MATCH(D11,Fixture!$A$5:$A$108,0)),Fases!$A$5:$A$10,0)),"") -> Grupos | F11: =IFERROR(INDEX(Fixture!$E$5:$E$108,MATCH(D11,Fixture!$A$5:$A$108,0)),"") -> Brasil | G11: =IFERROR(INDEX(Fixture!$F$5:$F$108,MATCH(D11,Fixture!$A$5:$A$108,0)),"") -> Colombia | H11: =IFERROR(INDEX(Fixture!$G$5:$G$108,MATCH(D11,Fixture!$A$5:$A$108,0)),"") -> 46186.625 | K11: =IFERROR(INDEX(Fixture!$I$5:$I$108,MATCH(D11,Fixture!$A$5:$A$108,0))&"-"&INDEX(Fixture!$J$5:$J$108,MATCH(D11,Fixture!$A$5:$A$108,0)),"") -> - | L11: =IF(M11<>"FINALIZADO","",IF(OR(ISBLANK(I11),ISBLANK(J11)),0,IF(AND(I11=IFERROR(INDEX(Fixture!$I$5:$I$108,MATCH(D11,Fixture!$A$5:$A$108,0)),"-999"),J11=IFERROR(INDEX(Fixture!$J$5:$J$108,MATCH(D11,Fixture!$A$5:$A$108,0)),"-999")),IFERROR(INDEX(Fases!$C$5:$C$10,MATCH(IFERROR(INDEX(Fixture!$B$5:$B$108,MATCH(D11,Fixture!$A$5:$A$108,0)),0),Fases!$A$5:$A$10,0)),0),IF(OR(AND(I11>J11,IFERROR(INDEX(Fixture!$I$5:$I$108,MATCH(D11,Fixture!$A$5:$A$108,0)),0)>IFERROR(INDEX(Fixture!$J$5:$J$108,MATCH(D11,Fixture!$A$5:$A$108,0)),0)),AND(I11<J11,IFERROR(INDEX(Fixture!$I$5:$I$108,MATCH(D11,Fixture!$A$5:$A$108,0)),0)<IFERROR(INDEX(Fixture!$J$5:$J$108,MATCH(D11,Fixture!$A$5:$A$108,0)),0)),AND(I11=J11,IFERROR(INDEX(Fixture!$I$5:$I$108,MATCH(D11,Fixture!$A$5:$A$108,0)),0)=IFERROR(INDEX(Fixture!$J$5:$J$108,MATCH(D11,Fixture!$A$5:$A$108,0)),0))),IFERROR(INDEX(Fases!$D$5:$D$10,MATCH(IFERROR(INDEX(Fixture!$B$5:$B$108,MATCH(D11,Fixture!$A$5:$A$108,0)),0),Fases!$A$5:$A$10,0)),0),0)))) | M11: =IFERROR(INDEX(Fixture!$K$5:$K$108,MATCH(D11,Fixture!$A$5:$A$108,0)),"") -> PENDIENTE
A12: 8 | B12: 1 | C12: =IFERROR(INDEX(Usuarios!$C$5:$C$200,MATCH(B12,Usuarios!$A$5:$A$200,0)),"") -> carlitos | D12: 8 | E12: =IFERROR(INDEX(Fases!$B$5:$B$10,MATCH(INDEX(Fixture!$B$5:$B$108,MATCH(D12,Fixture!$A$5:$A$108,0)),Fases!$A$5:$A$10,0)),"") -> Grupos | F12: =IFERROR(INDEX(Fixture!$E$5:$E$108,MATCH(D12,Fixture!$A$5:$A$108,0)),"") -> Brasil | G12: =IFERROR(INDEX(Fixture!$F$5:$F$108,MATCH(D12,Fixture!$A$5:$A$108,0)),"") -> Venezuela | H12: =IFERROR(INDEX(Fixture!$G$5:$G$108,MATCH(D12,Fixture!$A$5:$A$108,0)),"") -> 46186.75 | K12: =IFERROR(INDEX(Fixture!$I$5:$I$108,MATCH(D12,Fixture!$A$5:$A$108,0))&"-"&INDEX(Fixture!$J$5:$J$108,MATCH(D12,Fixture!$A$5:$A$108,0)),"") -> - | L12: =IF(M12<>"FINALIZADO","",IF(OR(ISBLANK(I12),ISBLANK(J12)),0,IF(AND(I12=IFERROR(INDEX(Fixture!$I$5:$I$108,MATCH(D12,Fixture!$A$5:$A$108,0)),"-999"),J12=IFERROR(INDEX(Fixture!$J$5:$J$108,MATCH(D12,Fixture!$A$5:$A$108,0)),"-999")),IFERROR(INDEX(Fases!$C$5:$C$10,MATCH(IFERROR(INDEX(Fixture!$B$5:$B$108,MATCH(D12,Fixture!$A$5:$A$108,0)),0),Fases!$A$5:$A$10,0)),0),IF(OR(AND(I12>J12,IFERROR(INDEX(Fixture!$I$5:$I$108,MATCH(D12,Fixture!$A$5:$A$108,0)),0)>IFERROR(INDEX(Fixture!$J$5:$J$108,MATCH(D12,Fixture!$A$5:$A$108,0)),0)),AND(I12<J12,IFERROR(INDEX(Fixture!$I$5:$I$108,MATCH(D12,Fixture!$A$5:$A$108,0)),0)<IFERROR(INDEX(Fixture!$J$5:$J$108,MATCH(D12,Fixture!$A$5:$A$108,0)),0)),AND(I12=J12,IFERROR(INDEX(Fixture!$I$5:$I$108,MATCH(D12,Fixture!$A$5:$A$108,0)),0)=IFERROR(INDEX(Fixture!$J$5:$J$108,MATCH(D12,Fixture!$A$5:$A$108,0)),0))),IFERROR(INDEX(Fases!$D$5:$D$10,MATCH(IFERROR(INDEX(Fixture!$B$5:$B$108,MATCH(D12,Fixture!$A$5:$A$108,0)),0),Fases!$A$5:$A$10,0)),0),0)))) | M12: =IFERROR(INDEX(Fixture!$K$5:$K$108,MATCH(D12,Fixture!$A$5:$A$108,0)),"") -> PENDIENTE
A13: 9 | B13: 1 | C13: =IFERROR(INDEX(Usuarios!$C$5:$C$200,MATCH(B13,Usuarios!$A$5:$A$200,0)),"") -> carlitos | D13: 9 | E13: =IFERROR(INDEX(Fases!$B$5:$B$10,MATCH(INDEX(Fixture!$B$5:$B$108,MATCH(D13,Fixture!$A$5:$A$108,0)),Fases!$A$5:$A$10,0)),"") -> Grupos | F13: =IFERROR(INDEX(Fixture!$E$5:$E$108,MATCH(D13,Fixture!$A$5:$A$108,0)),"") -> Brasil | G13: =IFERROR(INDEX(Fixture!$F$5:$F$108,MATCH(D13,Fixture!$A$5:$A$108,0)),"") -> Paraguay | H13: =IFERROR(INDEX(Fixture!$G$5:$G$108,MATCH(D13,Fixture!$A$5:$A$108,0)),"") -> 46186.875 | K13: =IFERROR(INDEX(Fixture!$I$5:$I$108,MATCH(D13,Fixture!$A$5:$A$108,0))&"-"&INDEX(Fixture!$J$5:$J$108,MATCH(D13,Fixture!$A$5:$A$108,0)),"") -> - | L13: =IF(M13<>"FINALIZADO","",IF(OR(ISBLANK(I13),ISBLANK(J13)),0,IF(AND(I13=IFERROR(INDEX(Fixture!$I$5:$I$108,MATCH(D13,Fixture!$A$5:$A$108,0)),"-999"),J13=IFERROR(INDEX(Fixture!$J$5:$J$108,MATCH(D13,Fixture!$A$5:$A$108,0)),"-999")),IFERROR(INDEX(Fases!$C$5:$C$10,MATCH(IFERROR(INDEX(Fixture!$B$5:$B$108,MATCH(D13,Fixture!$A$5:$A$108,0)),0),Fases!$A$5:$A$10,0)),0),IF(OR(AND(I13>J13,IFERROR(INDEX(Fixture!$I$5:$I$108,MATCH(D13,Fixture!$A$5:$A$108,0)),0)>IFERROR(INDEX(Fixture!$J$5:$J$108,MATCH(D13,Fixture!$A$5:$A$108,0)),0)),AND(I13<J13,IFERROR(INDEX(Fixture!$I$5:$I$108,MATCH(D13,Fixture!$A$5:$A$108,0)),0)<IFERROR(INDEX(Fixture!$J$5:$J$108,MATCH(D13,Fixture!$A$5:$A$108,0)),0)),AND(I13=J13,IFERROR(INDEX(Fixture!$I$5:$I$108,MATCH(D13,Fixture!$A$5:$A$108,0)),0)=IFERROR(INDEX(Fixture!$J$5:$J$108,MATCH(D13,Fixture!$A$5:$A$108,0)),0))),IFERROR(INDEX(Fases!$D$5:$D$10,MATCH(IFERROR(INDEX(Fixture!$B$5:$B$108,MATCH(D13,Fixture!$A$5:$A$108,0)),0),Fases!$A$5:$A$10,0)),0),0)))) | M13: =IFERROR(INDEX(Fixture!$K$5:$K$108,MATCH(D13,Fixture!$A$5:$A$108,0)),"") -> PENDIENTE
A14: 10 | B14: 1 | C14: =IFERROR(INDEX(Usuarios!$C$5:$C$200,MATCH(B14,Usuarios!$A$5:$A$200,0)),"") -> carlitos | D14: 10 | E14: =IFERROR(INDEX(Fases!$B$5:$B$10,MATCH(INDEX(Fixture!$B$5:$B$108,MATCH(D14,Fixture!$A$5:$A$108,0)),Fases!$A$5:$A$10,0)),"") -> Grupos | F14: =IFERROR(INDEX(Fixture!$E$5:$E$108,MATCH(D14,Fixture!$A$5:$A$108,0)),"") -> Colombia | G14: =IFERROR(INDEX(Fixture!$F$5:$F$108,MATCH(D14,Fixture!$A$5:$A$108,0)),"") -> Venezuela | H14: =IFERROR(INDEX(Fixture!$G$5:$G$108,MATCH(D14,Fixture!$A$5:$A$108,0)),"") -> 46187 | K14: =IFERROR(INDEX(Fixture!$I$5:$I$108,MATCH(D14,Fixture!$A$5:$A$108,0))&"-"&INDEX(Fixture!$J$5:$J$108,MATCH(D14,Fixture!$A$5:$A$108,0)),"") -> - | L14: =IF(M14<>"FINALIZADO","",IF(OR(ISBLANK(I14),ISBLANK(J14)),0,IF(AND(I14=IFERROR(INDEX(Fixture!$I$5:$I$108,MATCH(D14,Fixture!$A$5:$A$108,0)),"-999"),J14=IFERROR(INDEX(Fixture!$J$5:$J$108,MATCH(D14,Fixture!$A$5:$A$108,0)),"-999")),IFERROR(INDEX(Fases!$C$5:$C$10,MATCH(IFERROR(INDEX(Fixture!$B$5:$B$108,MATCH(D14,Fixture!$A$5:$A$108,0)),0),Fases!$A$5:$A$10,0)),0),IF(OR(AND(I14>J14,IFERROR(INDEX(Fixture!$I$5:$I$108,MATCH(D14,Fixture!$A$5:$A$108,0)),0)>IFERROR(INDEX(Fixture!$J$5:$J$108,MATCH(D14,Fixture!$A$5:$A$108,0)),0)),AND(I14<J14,IFERROR(INDEX(Fixture!$I$5:$I$108,MATCH(D14,Fixture!$A$5:$A$108,0)),0)<IFERROR(INDEX(Fixture!$J$5:$J$108,MATCH(D14,Fixture!$A$5:$A$108,0)),0)),AND(I14=J14,IFERROR(INDEX(Fixture!$I$5:$I$108,MATCH(D14,Fixture!$A$5:$A$108,0)),0)=IFERROR(INDEX(Fixture!$J$5:$J$108,MATCH(D14,Fixture!$A$5:$A$108,0)),0))),IFERROR(INDEX(Fases!$D$5:$D$10,MATCH(IFERROR(INDEX(Fixture!$B$5:$B$108,MATCH(D14,Fixture!$A$5:$A$108,0)),0),Fases!$A$5:$A$10,0)),0),0)))) | M14: =IFERROR(INDEX(Fixture!$K$5:$K$108,MATCH(D14,Fixture!$A$5:$A$108,0)),"") -> PENDIENTE
A15: 11 | B15: 1 | C15: =IFERROR(INDEX(Usuarios!$C$5:$C$200,MATCH(B15,Usuarios!$A$5:$A$200,0)),"") -> carlitos | D15: 11 | E15: =IFERROR(INDEX(Fases!$B$5:$B$10,MATCH(INDEX(Fixture!$B$5:$B$108,MATCH(D15,Fixture!$A$5:$A$108,0)),Fases!$A$5:$A$10,0)),"") -> Grupos | F15: =IFERROR(INDEX(Fixture!$E$5:$E$108,MATCH(D15,Fixture!$A$5:$A$108,0)),"") -> Colombia | G15: =IFERROR(INDEX(Fixture!$F$5:$F$108,MATCH(D15,Fixture!$A$5:$A$108,0)),"") -> Paraguay | H15: =IFERROR(INDEX(Fixture!$G$5:$G$108,MATCH(D15,Fixture!$A$5:$A$108,0)),"") -> 46187.625 | K15: =IFERROR(INDEX(Fixture!$I$5:$I$108,MATCH(D15,Fixture!$A$5:$A$108,0))&"-"&INDEX(Fixture!$J$5:$J$108,MATCH(D15,Fixture!$A$5:$A$108,0)),"") -> - | L15: =IF(M15<>"FINALIZADO","",IF(OR(ISBLANK(I15),ISBLANK(J15)),0,IF(AND(I15=IFERROR(INDEX(Fixture!$I$5:$I$108,MATCH(D15,Fixture!$A$5:$A$108,0)),"-999"),J15=IFERROR(INDEX(Fixture!$J$5:$J$108,MATCH(D15,Fixture!$A$5:$A$108,0)),"-999")),IFERROR(INDEX(Fases!$C$5:$C$10,MATCH(IFERROR(INDEX(Fixture!$B$5:$B$108,MATCH(D15,Fixture!$A$5:$A$108,0)),0),Fases!$A$5:$A$10,0)),0),IF(OR(AND(I15>J15,IFERROR(INDEX(Fixture!$I$5:$I$108,MATCH(D15,Fixture!$A$5:$A$108,0)),0)>IFERROR(INDEX(Fixture!$J$5:$J$108,MATCH(D15,Fixture!$A$5:$A$108,0)),0)),AND(I15<J15,IFERROR(INDEX(Fixture!$I$5:$I$108,MATCH(D15,Fixture!$A$5:$A$108,0)),0)<IFERROR(INDEX(Fixture!$J$5:$J$108,MATCH(D15,Fixture!$A$5:$A$108,0)),0)),AND(I15=J15,IFERROR(INDEX(Fixture!$I$5:$I$108,MATCH(D15,Fixture!$A$5:$A$108,0)),0)=IFERROR(INDEX(Fixture!$J$5:$J$108,MATCH(D15,Fixture!$A$5:$A$108,0)),0))),IFERROR(INDEX(Fases!$D$5:$D$10,MATCH(IFERROR(INDEX(Fixture!$B$5:$B$108,MATCH(D15,Fixture!$A$5:$A$108,0)),0),Fases!$A$5:$A$10,0)),0),0)))) | M15: =IFERROR(INDEX(Fixture!$K$5:$K$108,MATCH(D15,Fixture!$A$5:$A$108,0)),"") -> PENDIENTE
A16: 12 | B16: 1 | C16: =IFERROR(INDEX(Usuarios!$C$5:$C$200,MATCH(B16,Usuarios!$A$5:$A$200,0)),"") -> carlitos | D16: 12 | E16: =IFERROR(INDEX(Fases!$B$5:$B$10,MATCH(INDEX(Fixture!$B$5:$B$108,MATCH(D16,Fixture!$A$5:$A$108,0)),Fases!$A$5:$A$10,0)),"") -> Grupos | F16: =IFERROR(INDEX(Fixture!$E$5:$E$108,MATCH(D16,Fixture!$A$5:$A$108,0)),"") -> Venezuela | G16: =IFERROR(INDEX(Fixture!$F$5:$F$108,MATCH(D16,Fixture!$A$5:$A$108,0)),"") -> Paraguay | H16: =IFERROR(INDEX(Fixture!$G$5:$G$108,MATCH(D16,Fixture!$A$5:$A$108,0)),"") -> 46187.75 | K16: =IFERROR(INDEX(Fixture!$I$5:$I$108,MATCH(D16,Fixture!$A$5:$A$108,0))&"-"&INDEX(Fixture!$J$5:$J$108,MATCH(D16,Fixture!$A$5:$A$108,0)),"") -> - | L16: =IF(M16<>"FINALIZADO","",IF(OR(ISBLANK(I16),ISBLANK(J16)),0,IF(AND(I16=IFERROR(INDEX(Fixture!$I$5:$I$108,MATCH(D16,Fixture!$A$5:$A$108,0)),"-999"),J16=IFERROR(INDEX(Fixture!$J$5:$J$108,MATCH(D16,Fixture!$A$5:$A$108,0)),"-999")),IFERROR(INDEX(Fases!$C$5:$C$10,MATCH(IFERROR(INDEX(Fixture!$B$5:$B$108,MATCH(D16,Fixture!$A$5:$A$108,0)),0),Fases!$A$5:$A$10,0)),0),IF(OR(AND(I16>J16,IFERROR(INDEX(Fixture!$I$5:$I$108,MATCH(D16,Fixture!$A$5:$A$108,0)),0)>IFERROR(INDEX(Fixture!$J$5:$J$108,MATCH(D16,Fixture!$A$5:$A$108,0)),0)),AND(I16<J16,IFERROR(INDEX(Fixture!$I$5:$I$108,MATCH(D16,Fixture!$A$5:$A$108,0)),0)<IFERROR(INDEX(Fixture!$J$5:$J$108,MATCH(D16,Fixture!$A$5:$A$108,0)),0)),AND(I16=J16,IFERROR(INDEX(Fixture!$I$5:$I$108,MATCH(D16,Fixture!$A$5:$A$108,0)),0)=IFERROR(INDEX(Fixture!$J$5:$J$108,MATCH(D16,Fixture!$A$5:$A$108,0)),0))),IFERROR(INDEX(Fases!$D$5:$D$10,MATCH(IFERROR(INDEX(Fixture!$B$5:$B$108,MATCH(D16,Fixture!$A$5:$A$108,0)),0),Fases!$A$5:$A$10,0)),0),0)))) | M16: =IFERROR(INDEX(Fixture!$K$5:$K$108,MATCH(D16,Fixture!$A$5:$A$108,0)),"") -> PENDIENTE
... A313: 309 | B313: 3 | C313: =IFERROR(INDEX(Usuarios!$C$5:$C$200,MATCH(B313,Usuarios!$A$5:$A$200,0)),"") -> juanpe | D313: 103 | E313: =IFERROR(INDEX(Fases!$B$5:$B$10,MATCH(INDEX(Fixture!$B$5:$B$108,MATCH(D313,Fixture!$A$5:$A$108,0)),Fases!$A$5:$A$10,0)),"") -> Final | F313: =IFERROR(INDEX(Fixture!$E$5:$E$108,MATCH(D313,Fixture!$A$5:$A$108,0)),"") -> A definir | G313: =IFERROR(INDEX(Fixture!$F$5:$F$108,MATCH(D313,Fixture!$A$5:$A$108,0)),"") -> A definir | H313: =IFERROR(INDEX(Fixture!$G$5:$G$108,MATCH(D313,Fixture!$A$5:$A$108,0)),"") -> 46222.792 | K313: =IFERROR(INDEX(Fixture!$I$5:$I$108,MATCH(D313,Fixture!$A$5:$A$108,0))&"-"&INDEX(Fixture!$J$5:$J$108,MATCH(D313,Fixture!$A$5:$A$108,0)),"") -> - | L313: =IF(M313<>"FINALIZADO","",IF(OR(ISBLANK(I313),ISBLANK(J313)),0,IF(AND(I313=IFERROR(INDEX(Fixture!$I$5:$I$108,MATCH(D313,Fixture!$A$5:$A$108,0)),"-999"),J313=IFERROR(INDEX(Fixture!$J$5:$J$108,MATCH(D313,Fixture!$A$5:$A$108,0)),"-999")),IFERROR(INDEX(Fases!$C$5:$C$10,MATCH(IFERROR(INDEX(Fixture!$B$5:$B$108,MATCH(D313,Fixture!$A$5:$A$108,0)),0),Fases!$A$5:$A$10,0)),0),IF(OR(AND(I313>J313,IFERROR(INDEX(Fixture!$I$5:$I$108,MATCH(D313,Fixture!$A$5:$A$108,0)),0)>IFERROR(INDEX(Fixture!$J$5:$J$108,MATCH(D313,Fixture!$A$5:$A$108,0)),0)),AND(I313<J313,IFERROR(INDEX(Fixture!$I$5:$I$108,MATCH(D313,Fixture!$A$5:$A$108,0)),0)<IFERROR(INDEX(Fixture!$J$5:$J$108,MATCH(D313,Fixture!$A$5:$A$108,0)),0)),AND(I313=J313,IFERROR(INDEX(Fixture!$I$5:$I$108,MATCH(D313,Fixture!$A$5:$A$108,0)),0)=IFERROR(INDEX(Fixture!$J$5:$J$108,MATCH(D313,Fixture!$A$5:$A$108,0)),0))),IFERROR(INDEX(Fases!$D$5:$D$10,MATCH(IFERROR(INDEX(Fixture!$B$5:$B$108,MATCH(D313,Fixture!$A$5:$A$108,0)),0),Fases!$A$5:$A$10,0)),0),0)))) | M313: =IFERROR(INDEX(Fixture!$K$5:$K$108,MATCH(D313,Fixture!$A$5:$A$108,0)),"") -> PENDIENTE

Sheet Bonus
A1: Bonus — Predicciones especiales
A2: Se cargan antes del inicio del torneo · No se pueden modificar después
A4: ID | B4: Usuario (ID) | C4: Alias | D4: Tipo bonus | E4: Valor predicho | F4: Pts. posibles | G4: Puntos obtenidos
A5: 1 | B5: 1 | C5: =IFERROR(INDEX(Usuarios!$C$5:$C$200,MATCH(B5,Usuarios!$A$5:$A$200,0)),"") -> carlitos | D5: Campeón del mundo | F5: 15
A6: 2 | B6: 1 | C6: =IFERROR(INDEX(Usuarios!$C$5:$C$200,MATCH(B6,Usuarios!$A$5:$A$200,0)),"") -> carlitos | D6: Subcampeón | F6: 8
A7: 3 | B7: 1 | C7: =IFERROR(INDEX(Usuarios!$C$5:$C$200,MATCH(B7,Usuarios!$A$5:$A$200,0)),"") -> carlitos | D7: Goleador del torneo | F7: 8
A8: 4 | B8: 1 | C8: =IFERROR(INDEX(Usuarios!$C$5:$C$200,MATCH(B8,Usuarios!$A$5:$A$200,0)),"") -> carlitos | D8: Mejor arquero (Guante) | F8: 5
A9: 5 | B9: 2 | C9: =IFERROR(INDEX(Usuarios!$C$5:$C$200,MATCH(B9,Usuarios!$A$5:$A$200,0)),"") -> mari23 | D9: Campeón del mundo | F9: 15
A10: 6 | B10: 2 | C10: =IFERROR(INDEX(Usuarios!$C$5:$C$200,MATCH(B10,Usuarios!$A$5:$A$200,0)),"") -> mari23 | D10: Subcampeón | F10: 8
A11: 7 | B11: 2 | C11: =IFERROR(INDEX(Usuarios!$C$5:$C$200,MATCH(B11,Usuarios!$A$5:$A$200,0)),"") -> mari23 | D11: Goleador del torneo | F11: 8
A12: 8 | B12: 2 | C12: =IFERROR(INDEX(Usuarios!$C$5:$C$200,MATCH(B12,Usuarios!$A$5:$A$200,0)),"") -> mari23 | D12: Mejor arquero (Guante) | F12: 5
A13: 9 | B13: 3 | C13: =IFERROR(INDEX(Usuarios!$C$5:$C$200,MATCH(B13,Usuarios!$A$5:$A$200,0)),"") -> juanpe | D13: Campeón del mundo | F13: 15
A14: 10 | B14: 3 | C14: =IFERROR(INDEX(Usuarios!$C$5:$C$200,MATCH(B14,Usuarios!$A$5:$A$200,0)),"") -> juanpe | D14: Subcampeón | F14: 8
A15: 11 | B15: 3 | C15: =IFERROR(INDEX(Usuarios!$C$5:$C$200,MATCH(B15,Usuarios!$A$5:$A$200,0)),"") -> juanpe | D15: Goleador del torneo | F15: 8
A16: 12 | B16: 3 | C16: =IFERROR(INDEX(Usuarios!$C$5:$C$200,MATCH(B16,Usuarios!$A$5:$A$200,0)),"") -> juanpe | D16: Mejor arquero (Guante) | F16: 5

Sheet Posiciones
A1: Tabla de posiciones
A2: Se actualiza automáticamente · No editar esta hoja
A4: Pos. | B4: Alias | C4: Pts. predicciones | D4: Pts. bonus | E4: Total | F4: Exactos | G4: Ganadores
A5: =RANK(E5,E$5:E$7,0) -> 1 | B5: =IFERROR(INDEX(Usuarios!$C$5:$C$200,MATCH(1,Usuarios!$A$5:$A$200,0)),"") -> carlitos | C5: =SUMIF(Predicciones!$B$5:$B$313,1,Predicciones!$L$5:$L$313) -> 0 | D5: =SUMIF(Bonus!$B$5:$B$200,1,Bonus!$G$5:$G$200) -> 0 | E5: =C5+D5 -> 0 | F5: =COUNTIFS(Predicciones!$B$5:$B$313,1,Predicciones!$L$5:$L$313,">=3",Predicciones!$M$5:$M$313,"FINALIZADO") -> 0 | G5: =COUNTIFS(Predicciones!$B$5:$B$313,1,Predicciones!$L$5:$L$313,">=1",Predicciones!$M$5:$M$313,"FINALIZADO")-F5 -> 0
A6: =RANK(E6,E$5:E$8,0) -> 1 | B6: =IFERROR(INDEX(Usuarios!$C$5:$C$200,MATCH(2,Usuarios!$A$5:$A$200,0)),"") -> mari23 | C6: =SUMIF(Predicciones!$B$5:$B$313,2,Predicciones!$L$5:$L$313) -> 0 | D6: =SUMIF(Bonus!$B$5:$B$200,2,Bonus!$G$5:$G$200) -> 0 | E6: =C6+D6 -> 0 | F6: =COUNTIFS(Predicciones!$B$5:$B$313,2,Predicciones!$L$5:$L$313,">=3",Predicciones!$M$5:$M$313,"FINALIZADO") -> 0 | G6: =COUNTIFS(Predicciones!$B$5:$B$313,2,Predicciones!$L$5:$L$313,">=1",Predicciones!$M$5:$M$313,"FINALIZADO")-F6 -> 0
A7: =RANK(E7,E$5:E$9,0) -> 1 | B7: =IFERROR(INDEX(Usuarios!$C$5:$C$200,MATCH(3,Usuarios!$A$5:$A$200,0)),"") -> juanpe | C7: =SUMIF(Predicciones!$B$5:$B$313,3,Predicciones!$L$5:$L$313) -> 0 | D7: =SUMIF(Bonus!$B$5:$B$200,3,Bonus!$G$5:$G$200) -> 0 | E7: =C7+D7 -> 0 | F7: =COUNTIFS(Predicciones!$B$5:$B$313,3,Predicciones!$L$5:$L$313,">=3",Predicciones!$M$5:$M$313,"FINALIZADO") -> 0 | G7: =COUNTIFS(Predicciones!$B$5:$B$313,3,Predicciones!$L$5:$L$313,">=1",Predicciones!$M$5:$M$313,"FINALIZADO")-F7 -> 0

Sheet Dashboard
A1: Dashboard — Estado de la penca
A2: Resumen automático · No editar
B5: Partidos jugados | C5: =COUNTIF(Fixture!$K$5:$K$107,"FINALIZADO") -> 0
B6: Partidos pendientes | C6: =COUNTIF(Fixture!$K$5:$K$107,"PENDIENTE") -> 103
B7: Total predicciones cargadas | C7: =COUNTA(Predicciones!$I$5:$I$313) -> 0
B8: Participantes activos | C8: =COUNTIF(Usuarios!$E$5:$E$200,"JUGADOR") -> 3
B9: Líder actual | C9: =IFERROR(INDEX(Posiciones!$B$5:$B$7,MATCH(1,Posiciones!$A$5:$A$7,0)),"—") -> carlitos
B10: Puntaje del líder | C10: =IFERROR(INDEX(Posiciones!$E$5:$E$7,MATCH(1,Posiciones!$A$5:$A$7,0)),"—") -> 0
B11: Total puntos repartidos | C11: =SUMIF(Predicciones!$M$5:$M$313,"FINALIZADO",Predicciones!$L$5:$L$313) -> 0
B12: Próximo partido | C12: =IFERROR(INDEX(Fixture!$E$5:$E$107,MATCH("PENDIENTE",Fixture!$K$5:$K$107,0))&" vs "&INDEX(Fixture!$F$5:$F$107,MATCH("PENDIENTE",Fixture!$K$5:$K$107,0)),"Torneo finalizado") -> Argentina vs Bolivia
B14: Mini ranking | C14: Puntos
B15: =IFERROR(INDEX(Posiciones!$B$5:$B$7,MATCH(1,Posiciones!$A$5:$A$7,0)),"—") -> carlitos | C15: =IFERROR(INDEX(Posiciones!$E$5:$E$7,MATCH(1,Posiciones!$A$5:$A$7,0)),"—") -> 0
B16: =IFERROR(INDEX(Posiciones!$B$5:$B$7,MATCH(2,Posiciones!$A$5:$A$7,0)),"—") -> — | C16: =IFERROR(INDEX(Posiciones!$E$5:$E$7,MATCH(2,Posiciones!$A$5:$A$7,0)),"—") -> —
B17: =IFERROR(INDEX(Posiciones!$B$5:$B$7,MATCH(3,Posiciones!$A$5:$A$7,0)),"—") -> — | C17: =IFERROR(INDEX(Posiciones!$E$5:$E$7,MATCH(3,Posiciones!$A$5:$A$7,0)),"—") -> —
